filename,category,source,date_added,width,height,size_kb,sha256
tiktok-7489066247787875639.webp,workshop,tiktok-pull,2026-04-07,1200,2134,126,a2086e09e033d0e5
tiktok-7429721252723428614.webp,workshop,tiktok-pull,2026-04-07,1200,2134,98,7cf0735e0abd8a46
tiktok-7527976197658021125.webp,workshop,tiktok-pull,2026-04-07,1200,2134,136,d9bd258b4bd121b2
tiktok-7434510225052323128.webp,workshop,tiktok-pull,2026-04-07,1200,2134,45,d3647193a72f4eb5
tiktok-7429605915629849862.webp,workshop,tiktok-pull,2026-04-07,1200,2134,144,5017eb38925f7fa1
tiktok-7489378957406539063.webp,workshop,tiktok-pull,2026-04-07,1200,2134,60,346af1bcfc84eb79
tiktok-7429618280500825349.webp,workshop,tiktok-pull,2026-04-07,1200,2134,92,0b6d52fa88515abb
tiktok-7434506763379969336.webp,workshop,tiktok-pull,2026-04-07,1200,2134,41,2e692f4f97351f89
tiktok-7431208907600645381.webp,workshop,tiktok-pull,2026-04-07,1200,2134,80,4c2cb83153d43bcb
tiktok-7429351114895641862.webp,workshop,tiktok-pull,2026-04-07,1200,2135,86,892a84265a61fc92
tiktok-7439361725457124663.webp,workshop,tiktok-pull,2026-04-07,1200,2134,57,cc488b4f0698a087
tiktok-7431939900041219334.webp,workshop,tiktok-pull,2026-04-07,1200,2134,23,fbae75edf9a2f366
tiktok-7521728119129099526.webp,workshop,tiktok-pull,2026-04-07,1200,2134,136,a76db6ad3b375603
tiktok-7525022603149413688.webp,workshop,tiktok-pull,2026-04-07,1200,2134,31,1c26b0d968a410d2
